,Unnamed: 0,log_timestamp_verbose,log_timestamp_posix,timestamp_verbose,timestamp_posix,temporaryId,secMark,latitude,longitude,elevation,speed,heading,type,length,width,onmap_status,position_on_map,current_approach,current_lane,current_signal_group,dist_to_stopbar,int,time_to_arrival,platoon
0,109,2022-04-22 13:24:15.799064,1650659055.7990737,2022-04-22 13:24:15.798604,1650659055.7986033,305,50400,32.2361453,-110.9565057,540.21,2.13,269.24,Car,401.1,185.2,True,1,1,2,6,9.98,1,4.685446009389672,1
1,108,2022-04-22 13:24:15.799247,1650659055.799254,2022-04-22 13:24:15.798781,1650659055.798781,339,50400,32.2361471,-110.956349,540.21,6.76,269.24,Car,476.0,206.9,True,1,1,2,6,24.72,1,3.6568047337278107,1
2,131,2022-04-22 13:24:15.699979,1650659055.6999824,2022-04-22 13:24:15.699683,1650659055.6996825,530,50300,32.2361498,-110.9561112,540.21,12.12,269.24,Car,461.0,194.9,True,1,1,2,6,47.14,1,3.88943894389439,1
3,128,2022-04-22 13:24:15.700514,1650659055.7005186,2022-04-22 13:24:15.700217,1650659055.7002163,548,50300,32.2361425,-110.9552451,540.19,17.52,272.54,Car,461.0,194.9,True,1,1,2,6,128.8,1,7.351598173515983,2
4,126,2022-04-22 13:24:15.700871,1650659055.7008746,2022-04-22 13:24:15.700563,1650659055.700563,618,50300,32.2361297,-110.9549044,540.19,14.76,272.58,Car,476.0,206.9,True,1,1,2,6,160.94,1,10.90379403794038,3
5,125,2022-04-22 13:24:15.701066,1650659055.7010698,2022-04-22 13:24:15.700735,1650659055.700735,558,50300,32.2361516,-110.954647,540.18,10.94,272.55,Car,476.0,206.9,True,1,1,2,6,185.12,1,16.921389396709326,4
6,124,2022-04-22 13:24:15.701253,1650659055.70126,2022-04-22 13:24:15.700930,1650659055.70093,511,50300,32.2361162,-110.9545462,540.18,6.89,272.43,Car,464.4,199.8,True,1,1,2,6,194.75,1,28.265602322206096,5
0,110,2022-04-22 13:24:15.798753,1650659055.7987602,2022-04-22 13:24:15.798425,1650659055.7984242,516,50400,32.2361767,-110.9565234,540.21,0.0,269.24,Car,421.1,200.3,True,1,1,1,6,8.99,1,0.0,1
1,117,2022-04-22 13:24:15.779604,1650659055.7796116,2022-04-22 13:24:15.779198,1650659055.779198,321,50400,32.2362266,-110.9563427,540.21,7.41,270.63,Car,464.4,199.8,True,1,1,1,6,26.07,1,3.5182186234817814,2
2,133,2022-04-22 13:24:15.699637,1650659055.6996405,2022-04-22 13:24:15.699340,1650659055.69934,419,50300,32.2361788,-110.9563387,540.21,7.47,269.24,Car,421.1,200.3,True,1,1,1,6,26.24,1,3.512717536813922,2
3,130,2022-04-22 13:24:15.700148,1650659055.7001514,2022-04-22 13:24:15.699855,1650659055.6998549,488,50300,32.236183,-110.9559698,540.21,15.3,269.24,Car,464.4,199.8,True,1,1,1,6,60.98,1,3.9856209150326793,2
4,116,2022-04-22 13:24:15.779778,1650659055.7797844,2022-04-22 13:24:15.779384,1650659055.779384,512,50400,32.2362135,-110.955122,540.19,16.58,270.99,Car,374.9,198.7,True,1,1,1,6,140.8,1,8.492159227985526,3
0,112,2022-04-22 13:24:15.795121,1650659055.7951322,2022-04-22 13:24:15.794746,1650659055.7947457,545,50400,32.2360763,-110.9565254,540.21,0.0,269.18,Car,374.9,198.7,True,1,1,4,6,7.7,1,0.0,1
0,132,2022-04-22 13:24:15.699812,1650659055.6998158,2022-04-22 13:24:15.699512,1650659055.699512,416,50300,32.2361177,-110.95616,540.21,13.78,269.24,Car,401.1,185.2,True,1,1,3,6,42.46,1,3.0812772133526853,1
1,129,2022-04-22 13:24:15.700329,1650659055.7003324,2022-04-22 13:24:15.700035,1650659055.7000344,463,50300,32.2361182,-110.9554386,540.2,18.27,272.54,Car,421.1,200.3,True,1,1,3,6,110.46,1,6.045977011494252,2
2,127,2022-04-22 13:24:15.700683,1650659055.700686,2022-04-22 13:24:15.700390,1650659055.70039,522,50300,32.2361032,-110.9550407,540.19,12.64,272.54,Truck,1021.5,249.6,True,1,1,3,6,148.03,1,11.71123417721519,3
0,111,2022-04-22 13:24:15.796743,1650659055.7967546,2022-04-22 13:24:15.796318,1650659055.796317,643,50400,32.2365331,-110.9567897,540.22,18.44,180.45,Car,374.9,198.7,True,1,7,22,4,31.95,1,1.7326464208242949,1
0,114,2022-04-22 13:24:15.792998,1650659055.7930086,2022-04-22 13:24:15.790143,1650659055.790143,599,50400,32.2360327,-110.9570205,540.22,0.0,90.78,Car,461.0,194.9,True,1,5,16,5,7.57,1,0.0,1
1,113,2022-04-22 13:24:15.793212,1650659055.793222,2022-04-22 13:24:15.790293,1650659055.790293,647,50400,32.2360339,-110.9571253,540.23,0.0,90.78,Truck,1021.5,249.6,True,1,5,16,5,16.98,1,0.0,1
0,123,2022-04-22 13:24:15.728133,1650659055.7281373,2022-04-22 13:24:15.727654,1650659055.7276542,681,50300,32.2359354,-110.9570406,540.22,2.5,90.94,Car,464.4,199.8,True,1,5,14,2,9.5,1,3.8,1
1,121,2022-04-22 13:24:15.728532,1650659055.728536,2022-04-22 13:24:15.727983,1650659055.7279823,689,50300,32.2359373,-110.9573938,540.23,12.6,90.39,Car,461.0,194.9,True,1,5,14,2,42.79,1,3.396031746031746,1
2,118,2022-04-22 13:24:15.728951,1650659055.7289543,2022-04-22 13:24:15.728462,1650659055.728462,711,50300,32.2359312,-110.959271,540.27,17.15,89.3,Car,421.1,200.3,True,1,5,14,2,219.75,1,12.813411078717202,2
0,122,2022-04-22 13:24:15.728335,1650659055.7283385,2022-04-22 13:24:15.727817,1650659055.7278173,683,50300,32.2359672,-110.9571105,540.23,6.53,90.38,Car,461.0,194.9,True,1,5,15,2,15.34,1,2.349157733537519,1
1,120,2022-04-22 13:24:15.728696,1650659055.728699,2022-04-22 13:24:15.728141,1650659055.7281404,691,50300,32.2359693,-110.957479,540.23,14.64,90.44,Car,401.1,185.2,True,1,5,15,2,50.07,1,3.4200819672131146,1
2,119,2022-04-22 13:24:15.728817,1650659055.7288206,2022-04-22 13:24:15.728296,1650659055.728296,704,50300,32.2360018,-110.9585262,540.25,16.74,89.43,Car,421.1,200.3,True,1,5,15,2,148.82,1,8.890083632019117,2
0,67,2022-04-22 13:24:15.008518,1650659055.0085216,2022-04-22 13:24:15.008177,1650659055.008177,655,49600,32.2386368,-110.9524631,540.16,17.39,179.76,Truck,1021.5,249.6,True,1,7,20,4,271.79,2,15.629097182288673,1
1,66,2022-04-22 13:24:15.008707,1650659055.0087106,2022-04-22 13:24:15.008354,1650659055.008354,659,49600,32.238912,-110.9524645,540.16,17.17,179.76,Car,476.0,206.9,True,1,7,20,4,302.3,2,17.60629004076878,1
2,65,2022-04-22 13:24:15.008932,1650659055.0089405,2022-04-22 13:24:15.008530,1650659055.0085294,666,49600,32.2390794,-110.9524653,540.16,17.13,179.76,Car,421.1,200.3,True,1,7,20,4,320.86,2,18.730881494454177,1
0,75,2022-04-22 13:24:15.006898,1650659055.006904,2022-04-22 13:24:15.006527,1650659055.006526,517,49600,32.2362472,-110.952442,540.15,0.0,176.76,Car,401.1,185.2,True,1,7,21,4,6.74,2,0.0,1
1,74,2022-04-22 13:24:15.007143,1650659055.0071492,2022-04-22 13:24:15.006789,1650659055.0067878,519,49600,32.2363051,-110.952446,540.16,0.0,175.93,Car,476.0,206.9,True,1,7,21,4,13.18,2,0.0,1
2,73,2022-04-22 13:24:15.007351,1650659055.0073571,2022-04-22 13:24:15.007017,1650659055.007017,524,49600,32.236367,-110.9524519,540.16,0.0,175.36,Car,401.1,185.2,True,1,7,21,4,20.07,2,0.0,1
3,72,2022-04-22 13:24:15.007563,1650659055.0075684,2022-04-22 13:24:15.007219,1650659055.007218,531,49600,32.2364227,-110.9524566,540.16,0.0,177.29,Car,476.0,206.9,True,1,7,21,4,26.27,2,0.0,1
4,71,2022-04-22 13:24:15.007754,1650659055.0077596,2022-04-22 13:24:15.007433,1650659055.0074325,532,49600,32.2364786,-110.9524597,540.16,0.0,177.08,Car,401.1,185.2,True,1,7,21,4,32.46,2,0.0,1
5,70,2022-04-22 13:24:15.007948,1650659055.0079525,2022-04-22 13:24:15.007630,1650659055.00763,544,49600,32.2365393,-110.9524638,540.16,0.0,174.53,Car,421.1,200.3,True,1,7,21,4,39.21,2,0.0,1
6,69,2022-04-22 13:24:15.008136,1650659055.0081398,2022-04-22 13:24:15.007828,1650659055.0078282,588,49600,32.2366024,-110.9524707,540.16,0.0,175.93,Car,464.4,199.8,True,1,7,21,4,46.23,2,0.0,1
7,68,2022-04-22 13:24:15.008324,1650659055.0083272,2022-04-22 13:24:15.008003,1650659055.008003,591,49600,32.2366604,-110.9524733,540.16,0.0,180.76,Car,476.0,206.9,True,1,7,21,4,52.67,2,0.0,1
0,90,2022-04-22 13:24:15.003007,1650659055.003012,2022-04-22 13:24:15.002669,1650659055.0026686,378,49600,32.2360622,-110.9519127,540.15,18.11,269.82,Car,476.0,206.9,True,1,1,2,6,32.99,2,1.8216454997239095,1
1,86,2022-04-22 13:24:15.004207,1650659055.004213,2022-04-22 13:24:15.003874,1650659055.0038738,505,49600,32.2360648,-110.9509326,540.14,16.48,269.82,Car,464.4,199.8,True,1,1,2,6,125.38,2,7.608009708737864,2
2,83,2022-04-22 13:24:15.004802,1650659055.0048084,2022-04-22 13:24:15.004472,1650659055.0044718,506,49600,32.2360655,-110.9506898,540.14,16.61,269.75,Car,464.4,199.8,True,1,1,2,6,148.26,2,8.925948223961468,2
3,80,2022-04-22 13:24:15.005391,1650659055.005397,2022-04-22 13:24:15.005069,1650659055.0050688,477,49600,32.2360792,-110.9504632,540.13,16.44,273.79,Car,401.1,185.2,True,1,1,2,6,169.63,2,10.318126520681265,2
4,76,2022-04-22 13:24:15.006191,1650659055.0061972,2022-04-22 13:24:15.005868,1650659055.0058675,496,49600,32.2360689,-110.9497636,540.13,15.59,269.75,Car,421.1,200.3,True,1,1,2,6,235.57,2,15.110327132777421,3
0,89,2022-04-22 13:24:15.003201,1650659055.0032058,2022-04-22 13:24:15.002867,1650659055.002867,404,49600,32.2360946,-110.9515996,540.15,17.5,269.82,Car,374.9,198.7,True,1,1,1,6,63.25,2,3.6142857142857143,1
1,88,2022-04-22 13:24:15.003610,1650659055.003618,2022-04-22 13:24:15.003262,1650659055.0032623,471,49600,32.23608,-110.9512579,540.14,17.16,273.72,Car,421.1,200.3,True,1,1,1,6,95.46,2,5.5629370629370625,1
2,87,2022-04-22 13:24:15.003814,1650659055.0038223,2022-04-22 13:24:15.003473,1650659055.0034728,392,49600,32.2360959,-110.9511217,540.14,12.61,269.82,Truck,1021.5,249.6,True,1,1,1,6,108.3,2,8.58842188739096,2
3,85,2022-04-22 13:24:15.004405,1650659055.0044117,2022-04-22 13:24:15.004073,1650659055.004073,397,49600,32.236128,-110.9508914,540.14,15.97,269.82,Car,401.1,185.2,True,1,1,1,6,130.08,2,8.145272385723231,2
4,84,2022-04-22 13:24:15.004598,1650659055.004604,2022-04-22 13:24:15.004273,1650659055.0042727,362,49600,32.2360965,-110.950862,540.14,14.93,269.82,Car,464.4,199.8,True,1,1,1,6,132.78,2,8.89350301406564,2
5,82,2022-04-22 13:24:15.004999,1650659055.0050051,2022-04-22 13:24:15.004671,1650659055.0046706,441,49600,32.2361287,-110.9506496,540.14,16.15,269.75,Car,464.4,199.8,True,1,1,1,6,152.86,2,9.465015479876163,2
6,81,2022-04-22 13:24:15.005196,1650659055.005201,2022-04-22 13:24:15.004870,1650659055.0048702,377,49600,32.2360973,-110.9506282,540.14,16.05,269.75,Car,464.4,199.8,True,1,1,1,6,154.82,2,9.646105919003114,2
7,79,2022-04-22 13:24:15.005591,1650659055.0055969,2022-04-22 13:24:15.005268,1650659055.005268,498,49600,32.2361296,-110.9504315,540.13,16.41,269.75,Car,421.1,200.3,True,1,1,1,6,173.42,2,10.567946374162096,2
8,78,2022-04-22 13:24:15.005793,1650659055.0057995,2022-04-22 13:24:15.005467,1650659055.005467,405,49600,32.2360983,-110.9503573,540.13,11.35,269.75,Car,464.4,199.8,True,1,1,1,6,180.35,2,15.889867841409691,3
9,77,2022-04-22 13:24:15.005987,1650659055.005993,2022-04-22 13:24:15.005667,1650659055.0056667,453,49600,32.2361311,-110.9500157,540.13,15.25,269.75,Truck,1021.5,249.6,True,1,1,1,6,212.6,2,13.940983606557376,3
0,107,2022-04-22 13:24:14.976113,1650659054.9761252,2022-04-22 13:24:14.975568,1650659054.9755669,536,49600,32.2360291,-110.9515555,540.15,16.87,268.45,Car,476.0,206.9,True,1,1,3,6,65.34,2,3.873147599288678,1
0,96,2022-04-22 13:24:15.001727,1650659055.0017312,2022-04-22 13:24:15.001406,1650659055.001406,622,49600,32.2359107,-110.9527646,540.16,17.52,90.0,Car,401.1,185.2,True,1,5,14,2,18.29,2,1.0439497716894977,1
1,95,2022-04-22 13:24:15.001916,1650659055.0019195,2022-04-22 13:24:15.001597,1650659055.001597,625,49600,32.2359108,-110.952997,540.16,17.69,90.13,Car,421.1,200.3,True,1,5,14,2,40.2,2,2.2724703222159413,1
2,93,2022-04-22 13:24:15.002300,1650659055.002303,2022-04-22 13:24:15.001947,1650659055.0019467,642,49600,32.2359184,-110.9538228,540.17,16.15,91.16,Car,464.4,199.8,True,1,5,14,2,118.04,2,7.308978328173375,2
3,91,2022-04-22 13:24:15.002723,1650659055.0027294,2022-04-22 13:24:15.002296,1650659055.0022955,646,49600,32.2359503,-110.9548671,540.19,17.81,92.24,Car,421.1,200.3,True,1,5,14,2,216.52,2,12.157215047725998,3
0,97,2022-04-22 13:24:15.001553,1650659055.0015607,2022-04-22 13:24:15.001212,1650659055.0012112,612,49600,32.2358791,-110.9526808,540.16,15.95,90.0,Car,461.0,194.9,True,1,5,13,2,11.21,2,0.7028213166144202,1
1,92,2022-04-22 13:24:15.002550,1650659055.0025582,2022-04-22 13:24:15.002122,1650659055.0021214,623,49600,32.2358937,-110.9540937,540.18,15.88,92.14,Car,401.1,185.2,True,1,5,13,2,144.4,2,9.093198992443325,2
0,94,2022-04-22 13:24:15.002106,1650659055.0021095,2022-04-22 13:24:15.001773,1650659055.0017726,611,49600,32.2359426,-110.9531368,540.16,17.0,90.13,Car,461.0,194.9,True,1,5,15,5,53.18,2,3.1282352941176472,1
0,106,2022-04-22 13:24:14.981706,1650659054.9817133,2022-04-22 13:24:14.981362,1650659054.9813612,654,49600,32.2357517,-110.9523619,540.15,0.0,354.98,Car,476.0,206.9,True,1,3,9,8,1.19,2,0.0,1
1,99,2022-04-22 13:24:14.992352,1650659054.9923558,2022-04-22 13:24:14.992004,1650659054.992003,699,49600,32.2343425,-110.9522718,540.16,18.31,359.83,Car,401.1,185.2,True,1,3,9,8,157.47,2,8.600218459858002,2
2,98,2022-04-22 13:24:14.992527,1650659054.9925306,2022-04-22 13:24:14.992181,1650659054.9921806,700,49600,32.2341091,-110.952271,540.16,17.23,0.01,Car,374.9,198.7,True,1,3,9,8,183.33,2,10.64016250725479,2
0,103,2022-04-22 13:24:14.991578,1650659054.9915843,2022-04-22 13:24:14.991139,1650659054.9911385,596,49600,32.2357543,-110.9523189,540.15,0.0,356.32,Car,464.4,199.8,True,1,3,8,8,2.55,2,0.0,1
1,102,2022-04-22 13:24:14.991776,1650659054.9917817,2022-04-22 13:24:14.991362,1650659054.9913616,598,49600,32.2356958,-110.9523145,540.15,0.0,356.29,Car,464.4,199.8,True,1,3,8,8,7.23,2,0.0,1
2,101,2022-04-22 13:24:14.991987,1650659054.9919922,2022-04-22 13:24:14.991579,1650659054.9915788,640,49600,32.2356353,-110.9523098,540.15,0.0,355.99,Car,476.0,206.9,True,1,3,8,8,13.73,2,0.0,1
3,100,2022-04-22 13:24:14.992175,1650659054.9921784,2022-04-22 13:24:14.991791,1650659054.9917903,649,49600,32.2355746,-110.9523043,540.15,0.0,353.96,Car,476.0,206.9,True,1,3,8,8,20.4,2,0.0,1
0,2,2022-04-22 13:24:15.494958,1650659055.4949658,2022-04-22 13:24:15.494694,1650659055.4946933,568,50100,32.2357897,-110.9480478,540.12,0.0,0.55,Car,374.9,198.7,True,1,3,8,8,2.68,3,0.0,1
1,1,2022-04-22 13:24:15.495134,1650659055.4951422,2022-04-22 13:24:15.494875,1650659055.4948747,619,50100,32.2357389,-110.9480484,540.12,0.0,0.55,Car,464.4,199.8,True,1,3,8,8,6.58,3,0.0,1
2,0,2022-04-22 13:24:15.495297,1650659055.4953134,2022-04-22 13:24:15.495057,1650659055.4950564,638,50100,32.2356803,-110.9480491,540.12,0.0,0.55,Car,421.1,200.3,True,1,3,8,8,12.79,3,0.0,1
0,4,2022-04-22 13:24:15.489279,1650659055.4892888,2022-04-22 13:24:15.488505,1650659055.4885054,688,50100,32.2354342,-110.9480925,540.12,4.98,0.36,Car,464.4,199.8,True,1,3,10,8,40.13,3,8.058232931726907,1
0,9,2022-04-22 13:24:15.488065,1650659055.4880724,2022-04-22 13:24:15.487560,1650659055.4875598,608,50100,32.235784,-110.9480895,540.12,0.0,0.41,Car,476.0,206.9,True,1,3,9,8,1.74,3,0.0,1
1,8,2022-04-22 13:24:15.488342,1650659055.4883502,2022-04-22 13:24:15.487783,1650659055.4877825,615,50100,32.2357263,-110.94809,540.12,0.0,0.41,Car,461.0,194.9,True,1,3,9,8,7.95,3,0.0,1
2,7,2022-04-22 13:24:15.488616,1650659055.4886222,2022-04-22 13:24:15.487991,1650659055.4879909,616,50100,32.2356653,-110.9480905,540.12,0.0,0.41,Car,461.0,194.9,True,1,3,9,8,14.7,3,0.0,1
3,64,2022-04-22 13:24:15.395086,1650659055.395091,2022-04-22 13:24:15.394838,1650659055.394838,665,50000,32.2356223,-110.9480497,540.12,0.0,0.55,Car,464.4,199.8,True,1,3,9,8,19.63,3,0.0,1
4,6,2022-04-22 13:24:15.488814,1650659055.488821,2022-04-22 13:24:15.488161,1650659055.4881604,621,50100,32.2356028,-110.948091,540.12,0.0,0.41,Car,476.0,206.9,True,1,3,9,8,21.61,3,0.0,1
5,63,2022-04-22 13:24:15.395256,1650659055.3952613,2022-04-22 13:24:15.395016,1650659055.3950162,679,50000,32.2355654,-110.9480504,540.12,0.0,0.55,Car,421.1,200.3,True,1,3,9,8,25.89,3,0.0,1
6,5,2022-04-22 13:24:15.489048,1650659055.4890554,2022-04-22 13:24:15.488331,1650659055.4883313,636,50100,32.235544,-110.9480915,540.12,0.0,0.41,Car,421.1,200.3,True,1,3,9,8,28.13,3,0.0,1
7,62,2022-04-22 13:24:15.395462,1650659055.3954668,2022-04-22 13:24:15.395198,1650659055.395198,692,50000,32.2353122,-110.9480533,540.12,10.71,0.79,Car,461.0,194.9,True,1,3,9,8,53.8,3,5.023342670401493,2
8,61,2022-04-22 13:24:15.395639,1650659055.3956442,2022-04-22 13:24:15.395400,1650659055.395399,701,50000,32.2348629,-110.9480883,540.12,17.98,3.53,Car,461.0,194.9,True,1,3,9,8,103.72,3,5.768631813125695,3
0,13,2022-04-22 13:24:15.487000,1650659055.4870064,2022-04-22 13:24:15.486719,1650659055.486719,420,50100,32.2360684,-110.9478865,540.12,0.0,268.8,Car,374.9,198.7,True,1,1,3,6,7.48,3,0.0,1
1,12,2022-04-22 13:24:15.487286,1650659055.4872975,2022-04-22 13:24:15.486919,1650659055.4869184,494,50100,32.2360696,-110.9478164,540.12,0.0,268.8,Car,401.1,185.2,True,1,1,3,6,14.09,3,0.0,1
2,11,2022-04-22 13:24:15.487523,1650659055.4875324,2022-04-22 13:24:15.487127,1650659055.4871268,502,50100,32.2360708,-110.9477528,540.11,0.0,268.8,Car,421.1,200.3,True,1,1,3,6,20.09,3,0.0,1
3,10,2022-04-22 13:24:15.487854,1650659055.4878635,2022-04-22 13:24:15.487347,1650659055.4873466,550,50100,32.2360745,-110.9475452,540.11,8.18,268.8,Car,476.0,206.9,True,1,1,3,6,39.66,3,4.84841075794621,2
4,3,2022-04-22 13:24:15.492404,1650659055.4924152,2022-04-22 13:24:15.492045,1650659055.4920444,412,50100,32.236091,-110.9442934,540.11,0.0,89.59,Car,464.4,199.8,True,1,1,3,6,346.2,3,0.0,3
0,60,2022-04-22 13:24:15.400139,1650659055.4001453,2022-04-22 13:24:15.399867,1650659055.3998666,483,50000,32.2361872,-110.9462817,540.11,18.54,269.7,Car,401.1,185.2,True,1,1,1,6,159.51,3,8.603559870550162,1
1,58,2022-04-22 13:24:15.400534,1650659055.4005404,2022-04-22 13:24:15.400266,1650659055.4002657,703,50000,32.2361683,-110.9451673,540.11,18.43,268.59,Car,421.1,200.3,True,1,1,1,6,264.52,3,14.352685838307107,2
0,59,2022-04-22 13:24:15.400331,1650659055.4003365,2022-04-22 13:24:15.400063,1650659055.400063,480,50000,32.2361257,-110.9459114,540.11,16.69,269.7,Car,461.0,194.9,True,1,1,2,6,193.63,3,11.601557819053324,1
0,14,2022-04-22 13:24:15.486230,1650659055.4862363,2022-04-22 13:24:15.485987,1650659055.4859872,586,50100,32.2362786,-110.9481034,540.12,0.0,178.6,Car,476.0,206.9,True,1,7,21,4,7.21,3,0.0,1
0,24,2022-04-22 13:24:15.416745,1650659055.4167497,2022-04-22 13:24:15.416474,1650659055.416474,552,50000,32.2362725,-110.9481572,540.12,0.0,179.64,Car,401.1,185.2,True,1,7,20,4,7.24,3,0.0,1
1,23,2022-04-22 13:24:15.416917,1650659055.416921,2022-04-22 13:24:15.416649,1650659055.416648,574,50000,32.2363289,-110.9481576,540.12,0.0,179.64,Car,421.1,200.3,True,1,7,20,4,13.39,3,0.0,1
2,22,2022-04-22 13:24:15.417098,1650659055.4171014,2022-04-22 13:24:15.416831,1650659055.416831,602,50000,32.2363888,-110.948158,540.12,0.0,179.64,Car,461.0,194.9,True,1,7,20,4,19.99,3,0.0,1
3,21,2022-04-22 13:24:15.417267,1650659055.4172702,2022-04-22 13:24:15.417006,1650659055.4170058,617,50000,32.2364458,-110.9481585,540.12,0.0,179.64,Car,421.1,200.3,True,1,7,20,4,26.28,3,0.0,1
4,20,2022-04-22 13:24:15.417441,1650659055.4174445,2022-04-22 13:24:15.417179,1650659055.4171786,650,50000,32.2365089,-110.9481589,540.12,0.79,179.64,Car,421.1,200.3,True,1,7,20,4,33.23,3,42.0632911392405,2
5,19,2022-04-22 13:24:15.417613,1650659055.4176168,2022-04-22 13:24:15.417353,1650659055.4173524,652,50000,32.2366033,-110.9481596,540.12,4.4,179.62,Car,461.0,194.9,True,1,7,20,4,43.7,3,9.931818181818182,2
6,18,2022-04-22 13:24:15.417842,1650659055.4178474,2022-04-22 13:24:15.417528,1650659055.4175274,674,50000,32.2377423,-110.9482711,540.12,17.99,178.64,Car,461.0,194.9,True,1,7,20,4,170.87,3,9.498054474708173,3
7,17,2022-04-22 13:24:15.418010,1650659055.418014,2022-04-22 13:24:15.417708,1650659055.4177074,682,50000,32.2383067,-110.9482738,540.12,18.48,179.99,Car,421.1,200.3,True,1,7,20,4,233.51,3,12.63582251082251,4
0,57,2022-04-22 13:24:15.409314,1650659055.409322,2022-04-22 13:24:15.409005,1650659055.4090052,394,50000,32.2359046,-110.9484356,540.12,16.71,87.29,Car,461.0,194.9,True,1,5,13,2,15.22,3,0.9108318372232196,1
1,54,2022-04-22 13:24:15.409983,1650659055.409987,2022-04-22 13:24:15.409685,1650659055.409685,356,50000,32.2358933,-110.9489569,540.12,16.41,89.3,Car,421.1,200.3,True,1,5,13,2,64.36,3,3.9219987812309567,2
2,53,2022-04-22 13:24:15.410184,1650659055.4101892,2022-04-22 13:24:15.409916,1650659055.4099157,431,50000,32.2358897,-110.9493141,540.12,16.67,89.3,Car,461.0,194.9,True,1,5,13,2,98.03,3,5.880623875224955,2
3,52,2022-04-22 13:24:15.410388,1650659055.4103923,2022-04-22 13:24:15.410120,1650659055.4101198,434,50000,32.2358869,-110.949583,540.13,16.52,89.3,Car,464.4,199.8,True,1,5,13,2,123.38,3,7.468523002421308,2
4,50,2022-04-22 13:24:15.410874,1650659055.4108784,2022-04-22 13:24:15.410576,1650659055.4105754,445,50000,32.2358841,-110.9498573,540.13,16.43,89.31,Car,401.1,185.2,True,1,5,13,2,149.24,3,9.083384053560561,2
5,47,2022-04-22 13:24:15.411506,1650659055.411514,2022-04-22 13:24:15.411214,1650659055.411214,459,50000,32.2358816,-110.9501403,540.13,16.64,90.34,Car,476.0,206.9,True,1,5,13,2,175.91,3,10.571514423076923,2
6,42,2022-04-22 13:24:15.412671,1650659055.4126766,2022-04-22 13:24:15.412346,1650659055.4123454,491,50000,32.2358837,-110.9505792,540.14,16.3,90.34,Car,421.1,200.3,True,1,5,13,2,217.27,3,13.329447852760737,3
7,38,2022-04-22 13:24:15.413535,1650659055.4135396,2022-04-22 13:24:15.413261,1650659055.4132605,518,50000,32.2358847,-110.9507761,540.14,16.18,90.34,Car,461.0,194.9,True,1,5,13,2,235.83,3,14.57540173053152,3
8,35,2022-04-22 13:24:15.414156,1650659055.4141605,2022-04-22 13:24:15.413884,1650659055.413884,526,50000,32.2358858,-110.950996,540.14,17.14,90.34,Car,401.1,185.2,True,1,5,13,2,256.56,3,14.968494749124854,3
9,30,2022-04-22 13:24:15.415339,1650659055.4153452,2022-04-22 13:24:15.414958,1650659055.4149573,567,50000,32.235888,-110.951431,540.14,17.51,90.34,Car,461.0,194.9,True,1,5,13,2,297.59,3,16.99543118218161,4
10,25,2022-04-22 13:24:15.416542,1650659055.416547,2022-04-22 13:24:15.416271,1650659055.4162712,613,50000,32.2358934,-110.952084,540.15,17.66,90.58,Car,401.1,185.2,True,1,5,13,2,359.13,3,20.335787089467722,5
0,55,2022-04-22 13:24:15.409758,1650659055.409763,2022-04-22 13:24:15.409458,1650659055.4094582,429,50000,32.2359252,-110.948925,540.12,17.14,89.3,Car,421.1,200.3,True,1,5,14,2,61.23,3,3.572345390898483,1
1,51,2022-04-22 13:24:15.410645,1650659055.4106512,2022-04-22 13:24:15.410325,1650659055.410325,389,50000,32.2359266,-110.9497087,540.13,16.21,85.45,Truck,1021.5,249.6,True,1,5,14,2,135.1,3,8.334361505243676,2
2,49,2022-04-22 13:24:15.411075,1650659055.41108,2022-04-22 13:24:15.410806,1650659055.4108052,411,50000,32.2359433,-110.949978,540.13,15.09,92.07,Truck,1021.5,249.6,True,1,5,14,2,160.5,3,10.636182902584492,2
3,48,2022-04-22 13:24:15.411277,1650659055.4112818,2022-04-22 13:24:15.411009,1650659055.4110088,428,50000,32.2359135,-110.9500672,540.13,12.52,89.49,Car,464.4,199.8,True,1,5,14,2,168.9,3,13.49041533546326,2
4,46,2022-04-22 13:24:15.411716,1650659055.4117217,2022-04-22 13:24:15.411431,1650659055.41143,370,50000,32.2359451,-110.9502272,540.13,15.09,90.34,Car,421.1,200.3,True,1,5,14,2,183.99,3,12.192842942345925,2
5,45,2022-04-22 13:24:15.411951,1650659055.4119568,2022-04-22 13:24:15.411644,1650659055.4116435,484,50000,32.2359127,-110.9503702,540.13,14.91,93.02,Car,421.1,200.3,True,1,5,14,2,197.44,3,13.242119382964454,2
6,44,2022-04-22 13:24:15.412180,1650659055.412186,2022-04-22 13:24:15.411866,1650659055.4118652,443,50000,32.2359462,-110.9504464,540.13,13.48,90.34,Car,464.4,199.8,True,1,5,14,2,204.69,3,15.184718100890207,2
7,43,2022-04-22 13:24:15.412445,1650659055.4124506,2022-04-22 13:24:15.412105,1650659055.4121044,539,50000,32.2359153,-110.950577,540.14,14.38,90.34,Car,401.1,185.2,True,1,5,14,2,216.95,3,15.086926286509039,2
8,41,2022-04-22 13:24:15.412921,1650659055.412926,2022-04-22 13:24:15.412596,1650659055.412596,482,50000,32.2359471,-110.9506242,540.14,11.98,90.34,Car,401.1,185.2,True,1,5,14,2,221.45,3,18.48497495826377,3
9,40,2022-04-22 13:24:15.413126,1650659055.4131308,2022-04-22 13:24:15.412839,1650659055.4128382,507,50000,32.2359162,-110.9507629,540.14,12.92,90.34,Car,464.4,199.8,True,1,5,14,2,234.47,3,18.147832817337463,3
10,39,2022-04-22 13:24:15.413330,1650659055.4133346,2022-04-22 13:24:15.413059,1650659055.4130583,523,50000,32.2359478,-110.9507683,540.14,12.16,90.34,Car,461.0,194.9,True,1,5,14,2,235.03,3,19.328125,3
11,37,2022-04-22 13:24:15.413740,1650659055.4137452,2022-04-22 13:24:15.413466,1650659055.4134653,514,50000,32.235917,-110.950914,540.14,12.71,90.34,Car,461.0,194.9,True,1,5,14,2,248.71,3,19.568056648308417,3
12,36,2022-04-22 13:24:15.413952,1650659055.4139569,2022-04-22 13:24:15.413680,1650659055.4136796,534,50000,32.2359486,-110.9509195,540.14,12.81,90.34,Car,421.1,200.3,True,1,5,14,2,249.27,3,19.459016393442624,3
13,34,2022-04-22 13:24:15.414359,1650659055.4143631,2022-04-22 13:24:15.414086,1650659055.414086,560,50000,32.2359495,-110.9511037,540.14,13.54,90.34,Car,374.9,198.7,True,1,5,14,2,266.63,3,19.69202363367799,3
14,33,2022-04-22 13:24:15.414565,1650659055.41457,2022-04-22 13:24:15.414291,1650659055.4142904,520,50000,32.2359181,-110.9511339,540.14,13.35,90.34,Car,464.4,199.8,True,1,5,14,2,269.44,3,20.182771535580525,3
15,32,2022-04-22 13:24:15.414777,1650659055.4147823,2022-04-22 13:24:15.414500,1650659055.4144995,565,50000,32.2359503,-110.9512641,540.14,13.63,90.34,Car,421.1,200.3,True,1,5,14,2,281.71,3,20.66837857666911,3
16,31,2022-04-22 13:24:15.415054,1650659055.4150603,2022-04-22 13:24:15.414713,1650659055.4147124,571,50000,32.2359194,-110.9513909,540.14,14.66,90.34,Car,421.1,200.3,True,1,5,14,2,293.68,3,20.032742155525238,3
17,29,2022-04-22 13:24:15.415618,1650659055.4156249,2022-04-22 13:24:15.415235,1650659055.4152343,578,50000,32.2359516,-110.9515177,540.14,14.92,90.34,Car,421.1,200.3,True,1,5,14,2,305.62,3,20.48391420911528,3
18,28,2022-04-22 13:24:15.415901,1650659055.415908,2022-04-22 13:24:15.415525,1650659055.4155247,569,50000,32.2359201,-110.9515387,540.14,15.09,90.35,Car,421.1,200.3,True,1,5,14,2,307.61,3,20.385023194168326,3
19,27,2022-04-22 13:24:15.416137,1650659055.4161422,2022-04-22 13:24:15.415819,1650659055.4158182,581,50000,32.2359527,-110.9516945,540.15,15.07,90.67,Car,464.4,199.8,True,1,5,14,2,322.29,3,21.386197743861977,3
20,26,2022-04-22 13:24:15.416342,1650659055.416347,2022-04-22 13:24:15.416069,1650659055.4160686,605,50000,32.235924,-110.9519829,540.15,16.03,90.66,Car,401.1,185.2,True,1,5,14,2,349.47,3,21.800998128509047,3
0,56,2022-04-22 13:24:15.409527,1650659055.4095323,2022-04-22 13:24:15.409227,1650659055.409227,399,50000,32.2359602,-110.9487004,540.12,17.24,88.51,Car,461.0,194.9,True,1,5,15,5,39.71,3,2.3033642691415315,1
